<?xml version="1.0" encoding="UTF-8"?>
<config xmlns="http://www.knime.org/2008/09/XMLConfig" xmlns:xsi="http://www.w3.org/2001/XMLSchema-instance" xsi:schemaLocation="http://www.knime.org/2008/09/XMLConfig http://www.knime.org/XMLConfig_2008_09.xsd" key="DataTableSpec">
    <entry key="spec_name" type="xstring" value="default"/>
    <entry key="number_columns" type="xint" value="7"/>
    <config key="column_spec_0">
        <entry key="column_name" type="xstring" value="Country"/>
        <config key="element_names">
            <entry key="array-size" type="xint" value="0"/>
        </config>
        <config key="column_type">
            <entry key="cell_class" type="xstring" value="org.knime.core.data.def.StringCell"/>
        </config>
        <config key="column_domain">
            <config key="possible_values">
                <entry key="array-size" type="xint" value="10"/>
                <config key="0">
                    <entry key="datacell" type="xstring" value="org.knime.core.data.def.StringCell"/>
                    <config key="org.knime.core.data.def.StringCell">
                        <entry key="StringCell" type="xstring" value="China"/>
                    </config>
                </config>
                <config key="1">
                    <entry key="datacell" type="xstring" value="org.knime.core.data.def.StringCell"/>
                    <config key="org.knime.core.data.def.StringCell">
                        <entry key="StringCell" type="xstring" value="Italy"/>
                    </config>
                </config>
                <config key="2">
                    <entry key="datacell" type="xstring" value="org.knime.core.data.def.StringCell"/>
                    <config key="org.knime.core.data.def.StringCell">
                        <entry key="StringCell" type="xstring" value="Iran"/>
                    </config>
                </config>
                <config key="3">
                    <entry key="datacell" type="xstring" value="org.knime.core.data.def.StringCell"/>
                    <config key="org.knime.core.data.def.StringCell">
                        <entry key="StringCell" type="xstring" value="Republic of Korean"/>
                    </config>
                </config>
                <config key="4">
                    <entry key="datacell" type="xstring" value="org.knime.core.data.def.StringCell"/>
                    <config key="org.knime.core.data.def.StringCell">
                        <entry key="StringCell" type="xstring" value="France"/>
                    </config>
                </config>
                <config key="5">
                    <entry key="datacell" type="xstring" value="org.knime.core.data.def.StringCell"/>
                    <config key="org.knime.core.data.def.StringCell">
                        <entry key="StringCell" type="xstring" value="Spain"/>
                    </config>
                </config>
                <config key="6">
                    <entry key="datacell" type="xstring" value="org.knime.core.data.def.StringCell"/>
                    <config key="org.knime.core.data.def.StringCell">
                        <entry key="StringCell" type="xstring" value="Germany"/>
                    </config>
                </config>
                <config key="7">
                    <entry key="datacell" type="xstring" value="org.knime.core.data.def.StringCell"/>
                    <config key="org.knime.core.data.def.StringCell">
                        <entry key="StringCell" type="xstring" value="UAE"/>
                    </config>
                </config>
                <config key="8">
                    <entry key="datacell" type="xstring" value="org.knime.core.data.def.StringCell"/>
                    <config key="org.knime.core.data.def.StringCell">
                        <entry key="StringCell" type="xstring" value="Other-EUR"/>
                    </config>
                </config>
                <config key="9">
                    <entry key="datacell" type="xstring" value="org.knime.core.data.def.StringCell"/>
                    <config key="org.knime.core.data.def.StringCell">
                        <entry key="StringCell" type="xstring" value="Other"/>
                    </config>
                </config>
            </config>
        </config>
        <config key="column_properties"/>
        <config key="meta_data"/>
    </config>
    <config key="column_spec_1">
        <entry key="column_name" type="xstring" value="Age"/>
        <config key="element_names">
            <entry key="array-size" type="xint" value="0"/>
        </config>
        <config key="column_type">
            <entry key="cell_class" type="xstring" value="org.knime.core.data.def.StringCell"/>
        </config>
        <config key="column_domain">
            <config key="possible_values">
                <entry key="array-size" type="xint" value="5"/>
                <config key="0">
                    <entry key="datacell" type="xstring" value="org.knime.core.data.def.StringCell"/>
                    <config key="org.knime.core.data.def.StringCell">
                        <entry key="StringCell" type="xstring" value="0-9"/>
                    </config>
                </config>
                <config key="1">
                    <entry key="datacell" type="xstring" value="org.knime.core.data.def.StringCell"/>
                    <config key="org.knime.core.data.def.StringCell">
                        <entry key="StringCell" type="xstring" value="10-19"/>
                    </config>
                </config>
                <config key="2">
                    <entry key="datacell" type="xstring" value="org.knime.core.data.def.StringCell"/>
                    <config key="org.knime.core.data.def.StringCell">
                        <entry key="StringCell" type="xstring" value="20-24"/>
                    </config>
                </config>
                <config key="3">
                    <entry key="datacell" type="xstring" value="org.knime.core.data.def.StringCell"/>
                    <config key="org.knime.core.data.def.StringCell">
                        <entry key="StringCell" type="xstring" value="25-59"/>
                    </config>
                </config>
                <config key="4">
                    <entry key="datacell" type="xstring" value="org.knime.core.data.def.StringCell"/>
                    <config key="org.knime.core.data.def.StringCell">
                        <entry key="StringCell" type="xstring" value="60+"/>
                    </config>
                </config>
            </config>
        </config>
        <config key="column_properties"/>
        <config key="meta_data"/>
    </config>
    <config key="column_spec_2">
        <entry key="column_name" type="xstring" value="Gender"/>
        <config key="element_names">
            <entry key="array-size" type="xint" value="0"/>
        </config>
        <config key="column_type">
            <entry key="cell_class" type="xstring" value="org.knime.core.data.def.StringCell"/>
        </config>
        <config key="column_domain">
            <config key="possible_values">
                <entry key="array-size" type="xint" value="3"/>
                <config key="0">
                    <entry key="datacell" type="xstring" value="org.knime.core.data.def.StringCell"/>
                    <config key="org.knime.core.data.def.StringCell">
                        <entry key="StringCell" type="xstring" value="Male"/>
                    </config>
                </config>
                <config key="1">
                    <entry key="datacell" type="xstring" value="org.knime.core.data.def.StringCell"/>
                    <config key="org.knime.core.data.def.StringCell">
                        <entry key="StringCell" type="xstring" value="Female"/>
                    </config>
                </config>
                <config key="2">
                    <entry key="datacell" type="xstring" value="org.knime.core.data.def.StringCell"/>
                    <config key="org.knime.core.data.def.StringCell">
                        <entry key="StringCell" type="xstring" value="Transgender"/>
                    </config>
                </config>
            </config>
        </config>
        <config key="column_properties"/>
        <config key="meta_data"/>
    </config>
    <config key="column_spec_3">
        <entry key="column_name" type="xstring" value="Symptoms"/>
        <config key="element_names">
            <entry key="array-size" type="xint" value="0"/>
        </config>
        <config key="column_type">
            <entry key="cell_class" type="xstring" value="org.knime.core.data.def.StringCell"/>
        </config>
        <config key="column_domain">
            <config key="possible_values">
                <entry key="array-size" type="xint" value="16"/>
                <config key="0">
                    <entry key="datacell" type="xstring" value="org.knime.core.data.def.StringCell"/>
                    <config key="org.knime.core.data.def.StringCell">
                        <entry key="StringCell" type="xstring" value="Fever,Tiredness,Dry-Cough,Difficulty-in-Breathing,Sore-Throat"/>
                    </config>
                </config>
                <config key="1">
                    <entry key="datacell" type="xstring" value="org.knime.core.data.def.StringCell"/>
                    <config key="org.knime.core.data.def.StringCell">
                        <entry key="StringCell" type="xstring" value="Fever,Tiredness,Dry-Cough,Difficulty-in-Breathing"/>
                    </config>
                </config>
                <config key="2">
                    <entry key="datacell" type="xstring" value="org.knime.core.data.def.StringCell"/>
                    <config key="org.knime.core.data.def.StringCell">
                        <entry key="StringCell" type="xstring" value="Fever,Tiredness,Dry-Cough"/>
                    </config>
                </config>
                <config key="3">
                    <entry key="datacell" type="xstring" value="org.knime.core.data.def.StringCell"/>
                    <config key="org.knime.core.data.def.StringCell">
                        <entry key="StringCell" type="xstring" value="Fever,Tiredness"/>
                    </config>
                </config>
                <config key="4">
                    <entry key="datacell" type="xstring" value="org.knime.core.data.def.StringCell"/>
                    <config key="org.knime.core.data.def.StringCell">
                        <entry key="StringCell" type="xstring" value="Fever"/>
                    </config>
                </config>
                <config key="5">
                    <entry key="datacell" type="xstring" value="org.knime.core.data.def.StringCell"/>
                    <config key="org.knime.core.data.def.StringCell">
                        <entry key="StringCell" type="xstring" value="Tiredness,Dry-Cough,Difficulty-in-Breathing,Sore-Throat"/>
                    </config>
                </config>
                <config key="6">
                    <entry key="datacell" type="xstring" value="org.knime.core.data.def.StringCell"/>
                    <config key="org.knime.core.data.def.StringCell">
                        <entry key="StringCell" type="xstring" value="Tiredness,Dry-Cough,Difficulty-in-Breathing"/>
                    </config>
                </config>
                <config key="7">
                    <entry key="datacell" type="xstring" value="org.knime.core.data.def.StringCell"/>
                    <config key="org.knime.core.data.def.StringCell">
                        <entry key="StringCell" type="xstring" value="Tiredness,Dry-Cough"/>
                    </config>
                </config>
                <config key="8">
                    <entry key="datacell" type="xstring" value="org.knime.core.data.def.StringCell"/>
                    <config key="org.knime.core.data.def.StringCell">
                        <entry key="StringCell" type="xstring" value="Tiredness"/>
                    </config>
                </config>
                <config key="9">
                    <entry key="datacell" type="xstring" value="org.knime.core.data.def.StringCell"/>
                    <config key="org.knime.core.data.def.StringCell">
                        <entry key="StringCell" type="xstring" value="Dry-Cough,Difficulty-in-Breathing,Sore-Throat"/>
                    </config>
                </config>
                <config key="10">
                    <entry key="datacell" type="xstring" value="org.knime.core.data.def.StringCell"/>
                    <config key="org.knime.core.data.def.StringCell">
                        <entry key="StringCell" type="xstring" value="Dry-Cough,Difficulty-in-Breathing"/>
                    </config>
                </config>
                <config key="11">
                    <entry key="datacell" type="xstring" value="org.knime.core.data.def.StringCell"/>
                    <config key="org.knime.core.data.def.StringCell">
                        <entry key="StringCell" type="xstring" value="Dry-Cough"/>
                    </config>
                </config>
                <config key="12">
                    <entry key="datacell" type="xstring" value="org.knime.core.data.def.StringCell"/>
                    <config key="org.knime.core.data.def.StringCell">
                        <entry key="StringCell" type="xstring" value="Difficulty-in-Breathing,Sore-Throat"/>
                    </config>
                </config>
                <config key="13">
                    <entry key="datacell" type="xstring" value="org.knime.core.data.def.StringCell"/>
                    <config key="org.knime.core.data.def.StringCell">
                        <entry key="StringCell" type="xstring" value="Difficulty-in-Breathing"/>
                    </config>
                </config>
                <config key="14">
                    <entry key="datacell" type="xstring" value="org.knime.core.data.def.StringCell"/>
                    <config key="org.knime.core.data.def.StringCell">
                        <entry key="StringCell" type="xstring" value="Sore-Throat"/>
                    </config>
                </config>
                <config key="15">
                    <entry key="datacell" type="xstring" value="org.knime.core.data.def.StringCell"/>
                    <config key="org.knime.core.data.def.StringCell">
                        <entry key="StringCell" type="xstring" value="None_Sympton"/>
                    </config>
                </config>
            </config>
        </config>
        <config key="column_properties"/>
        <config key="meta_data"/>
    </config>
    <config key="column_spec_4">
        <entry key="column_name" type="xstring" value="Experiencing_Symptoms"/>
        <config key="element_names">
            <entry key="array-size" type="xint" value="0"/>
        </config>
        <config key="column_type">
            <entry key="cell_class" type="xstring" value="org.knime.core.data.def.StringCell"/>
        </config>
        <config key="column_domain">
            <config key="possible_values">
                <entry key="array-size" type="xint" value="11"/>
                <config key="0">
                    <entry key="datacell" type="xstring" value="org.knime.core.data.def.StringCell"/>
                    <config key="org.knime.core.data.def.StringCell">
                        <entry key="StringCell" type="xstring" value="Pains,Nasal-Congestion,Runny-Nose,Diarrhea"/>
                    </config>
                </config>
                <config key="1">
                    <entry key="datacell" type="xstring" value="org.knime.core.data.def.StringCell"/>
                    <config key="org.knime.core.data.def.StringCell">
                        <entry key="StringCell" type="xstring" value="Pains,Nasal-Congestion,Runny-Nose"/>
                    </config>
                </config>
                <config key="2">
                    <entry key="datacell" type="xstring" value="org.knime.core.data.def.StringCell"/>
                    <config key="org.knime.core.data.def.StringCell">
                        <entry key="StringCell" type="xstring" value="Pains,Nasal-Congestion"/>
                    </config>
                </config>
                <config key="3">
                    <entry key="datacell" type="xstring" value="org.knime.core.data.def.StringCell"/>
                    <config key="org.knime.core.data.def.StringCell">
                        <entry key="StringCell" type="xstring" value="Pains"/>
                    </config>
                </config>
                <config key="4">
                    <entry key="datacell" type="xstring" value="org.knime.core.data.def.StringCell"/>
                    <config key="org.knime.core.data.def.StringCell">
                        <entry key="StringCell" type="xstring" value="Nasal-Congestion,Runny-Nose,Diarrhea"/>
                    </config>
                </config>
                <config key="5">
                    <entry key="datacell" type="xstring" value="org.knime.core.data.def.StringCell"/>
                    <config key="org.knime.core.data.def.StringCell">
                        <entry key="StringCell" type="xstring" value="Nasal-Congestion,Runny-Nose"/>
                    </config>
                </config>
                <config key="6">
                    <entry key="datacell" type="xstring" value="org.knime.core.data.def.StringCell"/>
                    <config key="org.knime.core.data.def.StringCell">
                        <entry key="StringCell" type="xstring" value="Nasal-Congestion"/>
                    </config>
                </config>
                <config key="7">
                    <entry key="datacell" type="xstring" value="org.knime.core.data.def.StringCell"/>
                    <config key="org.knime.core.data.def.StringCell">
                        <entry key="StringCell" type="xstring" value="Runny-Nose,Diarrhea"/>
                    </config>
                </config>
                <config key="8">
                    <entry key="datacell" type="xstring" value="org.knime.core.data.def.StringCell"/>
                    <config key="org.knime.core.data.def.StringCell">
                        <entry key="StringCell" type="xstring" value="Runny-Nose"/>
                    </config>
                </config>
                <config key="9">
                    <entry key="datacell" type="xstring" value="org.knime.core.data.def.StringCell"/>
                    <config key="org.knime.core.data.def.StringCell">
                        <entry key="StringCell" type="xstring" value="Diarrhea"/>
                    </config>
                </config>
                <config key="10">
                    <entry key="datacell" type="xstring" value="org.knime.core.data.def.StringCell"/>
                    <config key="org.knime.core.data.def.StringCell">
                        <entry key="StringCell" type="xstring" value="None_Experiencing"/>
                    </config>
                </config>
            </config>
        </config>
        <config key="column_properties"/>
        <config key="meta_data"/>
    </config>
    <config key="column_spec_5">
        <entry key="column_name" type="xstring" value="Severity"/>
        <config key="element_names">
            <entry key="array-size" type="xint" value="0"/>
        </config>
        <config key="column_type">
            <entry key="cell_class" type="xstring" value="org.knime.core.data.def.StringCell"/>
        </config>
        <config key="column_domain">
            <config key="possible_values">
                <entry key="array-size" type="xint" value="4"/>
                <config key="0">
                    <entry key="datacell" type="xstring" value="org.knime.core.data.def.StringCell"/>
                    <config key="org.knime.core.data.def.StringCell">
                        <entry key="StringCell" type="xstring" value="Mild"/>
                    </config>
                </config>
                <config key="1">
                    <entry key="datacell" type="xstring" value="org.knime.core.data.def.StringCell"/>
                    <config key="org.knime.core.data.def.StringCell">
                        <entry key="StringCell" type="xstring" value="Moderate"/>
                    </config>
                </config>
                <config key="2">
                    <entry key="datacell" type="xstring" value="org.knime.core.data.def.StringCell"/>
                    <config key="org.knime.core.data.def.StringCell">
                        <entry key="StringCell" type="xstring" value="Severe"/>
                    </config>
                </config>
                <config key="3">
                    <entry key="datacell" type="xstring" value="org.knime.core.data.def.StringCell"/>
                    <config key="org.knime.core.data.def.StringCell">
                        <entry key="StringCell" type="xstring" value="None"/>
                    </config>
                </config>
            </config>
        </config>
        <config key="column_properties"/>
        <config key="meta_data"/>
    </config>
    <config key="column_spec_6">
        <entry key="column_name" type="xstring" value="Contact"/>
        <config key="element_names">
            <entry key="array-size" type="xint" value="0"/>
        </config>
        <config key="column_type">
            <entry key="cell_class" type="xstring" value="org.knime.core.data.def.StringCell"/>
        </config>
        <config key="column_domain">
            <config key="possible_values">
                <entry key="array-size" type="xint" value="3"/>
                <config key="0">
                    <entry key="datacell" type="xstring" value="org.knime.core.data.def.StringCell"/>
                    <config key="org.knime.core.data.def.StringCell">
                        <entry key="StringCell" type="xstring" value="Yes"/>
                    </config>
                </config>
                <config key="1">
                    <entry key="datacell" type="xstring" value="org.knime.core.data.def.StringCell"/>
                    <config key="org.knime.core.data.def.StringCell">
                        <entry key="StringCell" type="xstring" value="No"/>
                    </config>
                </config>
                <config key="2">
                    <entry key="datacell" type="xstring" value="org.knime.core.data.def.StringCell"/>
                    <config key="org.knime.core.data.def.StringCell">
                        <entry key="StringCell" type="xstring" value="Dont-Know"/>
                    </config>
                </config>
            </config>
        </config>
        <config key="column_properties"/>
        <config key="meta_data"/>
    </config>
</config>
